{
  "train_loss": [
    0.27832096667584927,
    0.04483846074949327,
    0.01128903429704265,
    0.005350602567471438,
    0.004979648647237633,
    0.004890495993068819,
    0.004893034979732691,
    0.00493239244106872
  ],
  "kl_loss": [
    0.1092793379527846,
    0.2644232425881203,
    0.07276700125562785,
    0.034707136502261045,
    0.03163354298823155,
    0.030809540512802047,
    0.030801822382340582,
    0.031276832252033517
  ],
  "train_steps": [
    42,
    84,
    126,
    168,
    210,
    252,
    294,
    336
  ],
  "epochs": [
    1,
    2,
    3,
    4,
    5,
    6,
    7,
    8
  ],
  "reward_margins": [
    3.4563244866946206,
    5.3427823549239255,
    6.863192875787032,
    7.842663562538144,
    7.934492080553533,
    7.999672283460632,
    7.96729236557802,
    7.962587514636452
  ],
  "preferred_rewards": [
    -0.7964821536247695,
    0.44982703617375774,
    -0.01437509036640654,
    0.16461201772761888,
    0.091350864470586,
    0.08061635353701305,
    0.04007709033209115,
    0.023706939014028396
  ],
  "rejected_rewards": [
    -4.252806640981128,
    -4.892955319016829,
    -6.877567960559392,
    -7.678051545666215,
    -7.843141210446479,
    -7.9190559372243525,
    -7.927215265384325,
    -7.938880577110981
  ],
  "reference_pref_reward_mean": [
    -0.6454017526661774,
    -0.394098441156542,
    -0.7962624690590725,
    -0.5734779159108034,
    -0.5178064747882484,
    -0.43408410749357434,
    -0.41818443131865135,
    -0.421938096745221
  ],
  "reference_rej_reward_mean": [
    -2.2693206638709906,
    -2.559967101700023,
    -4.86140804669507,
    -5.77718970176157,
    -5.8967936047586305,
    -5.858329767609967,
    -5.832255950237962,
    -5.826517303142316
  ],
  "reward_divergence": [
    1.8324055761515456,
    3.176913694647105,
    2.798047292556989,
    2.6389517775430678,
    2.5555049449466827,
    2.575426630644973,
    2.553220836797105,
    2.5580083097279145
  ],
  "in_dist_val_accuracy": [
    0.9563758389261745,
    0.9899328859060402,
    1.0,
    1.0,
    1.0,
    1.0,
    1.0,
    1.0
  ],
  "in_dist_val_loss": [
    0.11213941881104979,
    0.045047605986825674,
    0.022667235392556002,
    0.02305971196570962,
    0.022903541395606335,
    0.021911158732133885,
    0.021757050807188944,
    0.021907843699635415
  ],
  "in_dist_error_type_accuracy": {
    "too_risky": [
      1.0,
      1.0,
      1.0,
      1.0,
      1.0,
      1.0,
      1.0,
      1.0
    ],
    "too_risk_averse": [
      0.9037037037037037,
      0.9777777777777777,
      1.0,
      1.0,
      1.0,
      1.0,
      1.0,
      1.0
    ],
    "other": [
      0.0,
      0.0,
      0.0,
      0.0,
      0.0,
      0.0,
      0.0,
      0.0
    ]
  },
  "out_dist_val_accuracy": [
    0.45621181262729127,
    0.8839103869653768,
    0.9389002036659878,
    0.9633401221995926,
    0.9674134419551935,
    0.9633401221995926,
    0.9653767820773931,
    0.9653767820773931
  ],
  "out_dist_val_loss": [
    0.9756849989628841,
    0.3562015432507832,
    0.25765408165828757,
    0.21497589575843754,
    0.20855658410340852,
    0.22002043877016988,
    0.21402080255406938,
    0.21772046086744476
  ],
  "out_dist_error_type_accuracy": {
    "too_risky": [
      0.45621181262729127,
      0.8839103869653768,
      0.9389002036659878,
      0.9633401221995926,
      0.9674134419551935,
      0.9633401221995926,
      0.9653767820773931,
      0.9653767820773931
    ],
    "too_risk_averse": [
      0.0,
      0.0,
      0.0,
      0.0,
      0.0,
      0.0,
      0.0,
      0.0
    ],
    "other": [
      0.0,
      0.0,
      0.0,
      0.0,
      0.0,
      0.0,
      0.0,
      0.0
    ]
  },
  "val_accuracy": [
    0.45621181262729127,
    0.8839103869653768,
    0.9389002036659878,
    0.9633401221995926,
    0.9674134419551935,
    0.9633401221995926,
    0.9653767820773931,
    0.9653767820773931
  ],
  "val_loss": [
    0.9756849989628841,
    0.3562015432507832,
    0.25765408165828757,
    0.21497589575843754,
    0.20855658410340852,
    0.22002043877016988,
    0.21402080255406938,
    0.21772046086744476
  ],
  "error_type_accuracy": {
    "too_risky": [
      0.45621181262729127,
      0.8839103869653768,
      0.9389002036659878,
      0.9633401221995926,
      0.9674134419551935,
      0.9633401221995926,
      0.9653767820773931,
      0.9653767820773931
    ],
    "too_risk_averse": [
      0.0,
      0.0,
      0.0,
      0.0,
      0.0,
      0.0,
      0.0,
      0.0
    ],
    "other": [
      0.0,
      0.0,
      0.0,
      0.0,
      0.0,
      0.0,
      0.0,
      0.0
    ]
  }
}