{
  "train_loss": [
    0.6925650669468774,
    0.6721423361036513,
    0.6466091169251336,
    0.6387558480103811,
    0.6120257794857025,
    0.5640468564298418,
    0.43633029576804905,
    0.30464287358853553,
    0.2242498854860767,
    0.21265604108727226
  ],
  "in_dist_val_accuracy": [
    0.6,
    0.6,
    0.6,
    0.6,
    0.6,
    0.5,
    0.3,
    0.3,
    0.5,
    0.5
  ],
  "out_dist_val_accuracy": [
    0.2892768079800499,
    0.2817955112219451,
    0.2817955112219451,
    0.286783042394015,
    0.30174563591022446,
    0.30423940149625933,
    0.3092269326683292,
    0.3117206982543641,
    0.32917705735660846,
    0.32917705735660846
  ],
  "epochs": [
    1,
    2,
    3,
    4,
    5,
    6,
    7,
    8,
    9,
    10
  ]
}