{
  "train_loss": [
    0.5178827779878558,
    0.2378147249068834,
    0.11588473573524867,
    0.0701134123044105,
    0.04006546214814643
  ],
  "kl_loss": [
    0.08103032571065809,
    0.07530830096684199,
    0.09910742247856297,
    0.10814552915702878,
    0.09532829628488775
  ],
  "train_steps": [
    15,
    30,
    45,
    60,
    75
  ],
  "epochs": [
    1,
    2,
    3,
    4,
    5
  ],
  "reward_margins": [
    1.3243515299550361,
    3.6746855866743457,
    5.505457777778307,
    7.225933687471681,
    9.248826418949498
  ],
  "preferred_rewards": [
    -1.898373134015128,
    -0.13633143590646796,
    0.6371286349018596,
    2.860623611125112,
    2.4619894123140775
  ],
  "rejected_rewards": [
    -3.222724666101858,
    -3.811017027383334,
    -4.8683291415399355,
    -4.365310093452119,
    -6.786837016281982
  ],
  "reference_pref_reward_mean": [
    -0.9814340379585822,
    -0.3731650190883213,
    0.44376511705418425,
    1.730220092750258,
    1.662143847445647
  ],
  "reference_rej_reward_mean": [
    -1.590292796989282,
    -2.249873057504495,
    -2.466540201339457,
    -2.1280440825637843,
    -3.356456793041693
  ],
  "reward_divergence": [
    0.7154927730560303,
    1.7979775530606923,
    2.595152458048154,
    3.367669529263189,
    4.2302257881087195
  ],
  "in_dist_val_accuracy": [
    0.89,
    0.92,
    0.97,
    0.97,
    0.95
  ],
  "in_dist_val_loss": [
    0.24905178546905518,
    0.18553205460309982,
    0.09017528519034386,
    0.0625774733023718,
    0.07847467510029674
  ],
  "in_dist_error_type_accuracy": {
    "too_risky": [
      1.0,
      1.0,
      1.0,
      1.0,
      1.0
    ],
    "too_risk_averse": [
      0.717948717948718,
      0.7948717948717948,
      0.9230769230769231,
      0.9230769230769231,
      0.8717948717948718
    ],
    "other": [
      0.0,
      0.0,
      0.0,
      0.0,
      0.0
    ]
  },
  "out_dist_val_accuracy": [
    0.8746887966804979,
    0.9228215767634855,
    0.8307053941908714,
    0.8755186721991701,
    0.7975103734439835
  ],
  "out_dist_val_loss": [
    0.2977653426995416,
    0.17392050630695097,
    0.44021093474384165,
    0.34841508732420773,
    0.60409350187452
  ],
  "out_dist_error_type_accuracy": {
    "too_risky": [
      0.925215723873442,
      0.9712368168744008,
      0.87535953978907,
      0.9319271332694151,
      0.8418024928092043
    ],
    "too_risk_averse": [
      0.5493827160493827,
      0.6111111111111112,
      0.5432098765432098,
      0.5123456790123457,
      0.5123456790123457
    ],
    "other": [
      0.0,
      0.0,
      0.0,
      0.0,
      0.0
    ]
  },
  "val_accuracy": [
    0.8746887966804979,
    0.9228215767634855,
    0.8307053941908714,
    0.8755186721991701,
    0.7975103734439835
  ],
  "val_loss": [
    0.2977653426995416,
    0.17392050630695097,
    0.44021093474384165,
    0.34841508732420773,
    0.60409350187452
  ],
  "error_type_accuracy": {
    "too_risky": [
      0.925215723873442,
      0.9712368168744008,
      0.87535953978907,
      0.9319271332694151,
      0.8418024928092043
    ],
    "too_risk_averse": [
      0.5493827160493827,
      0.6111111111111112,
      0.5432098765432098,
      0.5123456790123457,
      0.5123456790123457
    ],
    "other": [
      0.0,
      0.0,
      0.0,
      0.0,
      0.0
    ]
  }
}