{
  "train_loss": [
    0.7016240457693735,
    0.6491717616717021,
    0.5918372684054904,
    0.48628453231520125,
    0.28434615814217573,
    0.26744098902013824,
    0.22368721211597503,
    0.21166254700720957,
    0.20855849338307356,
    0.20812310312670282
  ],
  "in_dist_val_accuracy": [
    0.2,
    0.4,
    0.3,
    0.5,
    0.6,
    0.6,
    0.6,
    0.7,
    0.7,
    0.6
  ],
  "out_dist_val_accuracy": [
    0.2718204488778055,
    0.32917705735660846,
    0.314214463840399,
    0.3341645885286783,
    0.32418952618453867,
    0.29177057356608477,
    0.30673316708229426,
    0.3192019950124688,
    0.32418952618453867,
    0.32418952618453867
  ],
  "epochs": [
    1,
    2,
    3,
    4,
    5,
    6,
    7,
    8,
    9,
    10
  ]
}