{
  "train_loss": [
    0.7488393154409196,
    0.6347039487626818,
    0.47935741593440373,
    0.2851364774836434,
    0.2659028967393946,
    0.3308840869612242,
    0.2345722988642087,
    0.29026351864500205,
    0.24036575647203587,
    0.2137399796145726
  ],
  "in_dist_val_accuracy": [
    0.5,
    0.6,
    0.2,
    0.2,
    0.3,
    0.6,
    0.5,
    0.4,
    0.4,
    0.4
  ],
  "out_dist_val_accuracy": [
    0.30174563591022446,
    0.35910224438902744,
    0.3192019950124688,
    0.39900249376558605,
    0.3491271820448878,
    0.32418952618453867,
    0.30673316708229426,
    0.39650872817955113,
    0.38902743142144636,
    0.3940149625935162
  ],
  "epochs": [
    1,
    2,
    3,
    4,
    5,
    6,
    7,
    8,
    9,
    10
  ]
}