{
  "train_loss": [
    0.710992177327474,
    0.6642616940869226,
    0.6352312796645694,
    0.6088431901401944,
    0.5549467904700174,
    0.4540886733267042,
    0.28861865705500045,
    0.261722340604562,
    0.21822268506512046,
    0.2102960274265772
  ],
  "in_dist_val_accuracy": [
    0.5,
    0.7,
    0.5,
    0.4,
    0.4,
    0.6,
    0.6,
    0.5,
    0.6,
    0.6
  ],
  "out_dist_val_accuracy": [
    0.2817955112219451,
    0.33665835411471323,
    0.3117206982543641,
    0.3092269326683292,
    0.34413965087281795,
    0.33915211970074816,
    0.3740648379052369,
    0.3566084788029925,
    0.33665835411471323,
    0.3192019950124688
  ],
  "epochs": [
    1,
    2,
    3,
    4,
    5,
    6,
    7,
    8,
    9,
    10
  ]
}