{
  "train_loss": [
    0.6915716992869663,
    0.18652488334265976,
    0.008019770781849647,
    0.00975106572218168,
    0.00010953528812216796,
    3.7220476390144895e-05,
    2.927698174472779e-05,
    2.4841103996683008e-05,
    2.2252455211142004e-05,
    1.9509311006357975e-05
  ],
  "train_steps": [
    57,
    114,
    171,
    228,
    285,
    342,
    399,
    456,
    513,
    570
  ],
  "epochs": [
    1,
    2,
    3,
    4,
    5,
    6,
    7,
    8,
    9,
    10
  ],
  "reward_margins": [
    0.44763066915174327,
    5.07145515580972,
    11.402577469613817,
    10.686669364240434,
    15.462222791247898,
    15.76712866253323,
    15.82721296204461,
    15.871615046395195,
    15.902699171702068,
    15.932381193372938
  ],
  "preferred_rewards": [
    -0.8170984143680996,
    2.801985312965181,
    7.323341150018904,
    6.106037105520566,
    9.538020778662629,
    9.61594196723567,
    9.588034616377618,
    9.592222235070334,
    9.577562936941783,
    9.57394928680526
  ],
  "rejected_rewards": [
    -1.2647290849437316,
    -2.2694698430101075,
    -4.079236349893941,
    -4.580632269548046,
    -5.924201969835494,
    -6.151186686224408,
    -6.239178342686759,
    -6.279392802980211,
    -6.325136232508553,
    -6.358431900077396
  ],
  "in_dist_val_accuracy": [
    0.7,
    1.0,
    0.98,
    0.96,
    1.0,
    1.0,
    1.0,
    1.0,
    1.0,
    1.0
  ],
  "in_dist_val_loss": [
    0.5714705121517182,
    0.013365859356904366,
    0.04337613427997894,
    0.056841775111256536,
    0.01801547721471678,
    0.012855026973009841,
    0.010662709936257784,
    0.00934967032018676,
    0.0081435713191172,
    0.007492632336209226
  ],
  "in_dist_error_type_accuracy": {
    "too_risky": [
      0.7,
      1.0,
      0.98,
      0.96,
      1.0,
      1.0,
      1.0,
      1.0,
      1.0,
      1.0
    ],
    "too_risk_averse": [
      0.0,
      0.0,
      0.0,
      0.0,
      0.0,
      0.0,
      0.0,
      0.0,
      0.0,
      0.0
    ],
    "other": [
      0.0,
      0.0,
      0.0,
      0.0,
      0.0,
      0.0,
      0.0,
      0.0,
      0.0,
      0.0
    ]
  },
  "out_dist_val_accuracy": [
    0.3117206982543641,
    0.29925187032418954,
    0.2817955112219451,
    0.30174563591022446,
    0.30673316708229426,
    0.3092269326683292,
    0.3092269326683292,
    0.3092269326683292,
    0.3092269326683292,
    0.3092269326683292
  ],
  "out_dist_val_loss": [
    0.6967903533184023,
    0.7034518101863433,
    0.7102705097555222,
    0.7300714759755313,
    0.7312038201940921,
    0.7310935777618998,
    0.7312232596321296,
    0.731163714591999,
    0.7312925269181592,
    0.7309003857305817
  ],
  "out_dist_error_type_accuracy": {
    "too_risky": [
      0.3090909090909091,
      0.33181818181818185,
      0.3,
      0.31363636363636366,
      0.32727272727272727,
      0.33181818181818185,
      0.33181818181818185,
      0.33181818181818185,
      0.33181818181818185,
      0.33181818181818185
    ],
    "too_risk_averse": [
      0.4122137404580153,
      0.3435114503816794,
      0.3435114503816794,
      0.37404580152671757,
      0.366412213740458,
      0.366412213740458,
      0.366412213740458,
      0.366412213740458,
      0.366412213740458,
      0.366412213740458
    ],
    "other": [
      0.06,
      0.04,
      0.04,
      0.06,
      0.06,
      0.06,
      0.06,
      0.06,
      0.06,
      0.06
    ]
  },
  "val_accuracy": [
    0.3117206982543641,
    0.29925187032418954,
    0.2817955112219451,
    0.30174563591022446,
    0.30673316708229426,
    0.3092269326683292,
    0.3092269326683292,
    0.3092269326683292,
    0.3092269326683292,
    0.3092269326683292
  ],
  "val_loss": [
    0.6967903533184023,
    0.7034518101863433,
    0.7102705097555222,
    0.7300714759755313,
    0.7312038201940921,
    0.7310935777618998,
    0.7312232596321296,
    0.731163714591999,
    0.7312925269181592,
    0.7309003857305817
  ],
  "error_type_accuracy": {
    "too_risky": [
      0.3090909090909091,
      0.33181818181818185,
      0.3,
      0.31363636363636366,
      0.32727272727272727,
      0.33181818181818185,
      0.33181818181818185,
      0.33181818181818185,
      0.33181818181818185,
      0.33181818181818185
    ],
    "too_risk_averse": [
      0.4122137404580153,
      0.3435114503816794,
      0.3435114503816794,
      0.37404580152671757,
      0.366412213740458,
      0.366412213740458,
      0.366412213740458,
      0.366412213740458,
      0.366412213740458,
      0.366412213740458
    ],
    "other": [
      0.06,
      0.04,
      0.04,
      0.06,
      0.06,
      0.06,
      0.06,
      0.06,
      0.06,
      0.06
    ]
  }
}