{
  "model_name": "Qwen/Qwen3-8B",
  "baseline": {
    "accuracy": 0.4,
    "loss": 0.6858119440078735,
    "mean_margin": 0.03275125473737717,
    "std_margin": 0.2684996426105499
  },
  "trained": {
    "final_validation_accuracy": 0.64,
    "final_validation_loss": 0.32182386562228205,
    "best_validation_accuracy": 0.65,
    "mean_preferred_score": -0.17833110690116882,
    "mean_rejected_score": -3.4023144245147705,
    "score_difference": 3.2239832878112793,
    "margin_mean": 3.2239830493927,
    "margin_std": 3.442513942718506,
    "correct_rankings": 128,
    "incorrect_rankings": 8,
    "tied_rankings": 64
  },
  "improvement": {
    "accuracy_gain": 0.24,
    "accuracy_gain_percent": 24.0,
    "loss_reduction": 0.36398807838559144,
    "margin_improvement": 3.1912317276000977
  },
  "config": {
    "num_epochs": 10,
    "epochs_trained": 10,
    "batch_size": 2,
    "learning_rate": 0.0005,
    "weight_decay": 0.01,
    "training_samples": 800,
    "validation_samples": 200
  },
  "timestamp": "20251125_134703"
}