{
  "train_loss": [
    0.6454218983650207,
    0.5885304204933345,
    0.5632113181830695,
    0.5402172772982158,
    0.43522688722703606,
    0.437448675443884,
    0.43092974939538786,
    0.44142499720095657,
    0.4355425197631121,
    0.392324712643167,
    0.3889795590095067,
    0.3863470300138579,
    0.4279747060959926,
    0.4144135498526157,
    0.39141212549759075,
    0.38861137088853864,
    0.3341224149387563,
    0.3758458179645822,
    0.36371513359578483,
    0.36085442561816305,
    0.3143104597524507,
    0.33953493738154067,
    0.34904020315084683,
    0.35121523135108873,
    0.3213561669830233,
    0.3263139137122198,
    0.32875424267200287,
    0.3409041336709924,
    0.34395512232673353,
    0.3413276878528995,
    0.33041484271345933,
    0.33526842190345635,
    0.3666347931193013,
    0.33949823073206065,
    0.3303492693199951,
    0.32843219698555914,
    0.30144432820699874,
    0.3096926853725745,
    0.3190539485873584,
    0.32321405399463854
  ],
  "train_steps": [
    100,
    200,
    300,
    400,
    500,
    600,
    700,
    800,
    900,
    1000,
    1100,
    1200,
    1300,
    1400,
    1500,
    1600,
    1700,
    1800,
    1900,
    2000,
    2100,
    2200,
    2300,
    2400,
    2500,
    2600,
    2700,
    2800,
    2900,
    3000,
    3100,
    3200,
    3300,
    3400,
    3500,
    3600,
    3700,
    3800,
    3900,
    4000
  ],
  "val_accuracy": [
    0.55,
    0.625,
    0.545,
    0.605,
    0.6,
    0.645,
    0.625,
    0.65,
    0.63,
    0.64
  ],
  "val_loss": [
    0.48221666261553764,
    0.38747533835470677,
    0.617029245942831,
    0.38270802423357964,
    0.38086863797158005,
    0.3376746540889144,
    0.343105893265456,
    0.33240898879244923,
    0.32574254522100093,
    0.32182386562228205
  ],
  "epochs": [
    1,
    2,
    3,
    4,
    5,
    6,
    7,
    8,
    9,
    10
  ],
  "reward_margins": [
    0.8051191162504255,
    1.4678265760838984,
    1.8963234497234225,
    2.18007511600852,
    2.2526402534544467,
    2.417960196882486,
    2.5909227826073766,
    2.6969034004211427,
    2.8002531127631665,
    2.9692076614871623
  ],
  "preferred_rewards": [
    -2.3865943303867243,
    -2.972811478371732,
    -1.241960864274297,
    -1.4905499075818807,
    -1.0366853397060185,
    -1.431672251257114,
    -0.8746248011721763,
    -1.9081922531919553,
    -0.5563609670987353,
    -0.2152913822629489
  ],
  "rejected_rewards": [
    -3.1917134457058274,
    -4.440638056863099,
    -3.138284316975623,
    -3.6706250305345747,
    -3.28932559459121,
    -3.8496324534760786,
    -3.465547585192835,
    -4.6050956567656245,
    -3.356614079027204,
    -3.1844990550214423
  ]
}