{
  "train_loss": [
    0.5218745872864383,
    0.4260387700879073,
    0.3868387964055,
    0.36029680968964384,
    0.2559308871473286,
    0.2535029684722758,
    0.27822609894911277,
    0.2631321846938755,
    0.2523791498225364,
    0.28962007771157916,
    0.2704693121677254,
    0.26019924259886407,
    0.19057652078489987,
    0.2202901422266545,
    0.2219694664547772,
    0.22202447242394882,
    0.20813133582159074,
    0.21210631783964143,
    0.2194633303660513,
    0.22183389200714168,
    0.22574012438393062,
    0.209865021801237,
    0.21759630311843475,
    0.22196446973052303,
    0.219949275064955,
    0.23095677509516907,
    0.2248907096770237,
    0.2369239388755801,
    0.38468646096962744,
    0.33175475586223174,
    0.31365234191603386,
    0.2916752716009994,
    0.2341197944297346,
    0.22947015112993369,
    0.23853856769694365,
    0.23905361004739517,
    0.19273567969368557,
    0.22861236317166683,
    0.23411268079052514,
    0.2350164251335632
  ],
  "train_steps": [
    100,
    200,
    300,
    400,
    500,
    600,
    700,
    800,
    900,
    1000,
    1100,
    1200,
    1300,
    1400,
    1500,
    1600,
    1700,
    1800,
    1900,
    2000,
    2100,
    2200,
    2300,
    2400,
    2500,
    2600,
    2700,
    2800,
    2900,
    3000,
    3100,
    3200,
    3300,
    3400,
    3500,
    3600,
    3700,
    3800,
    3900,
    4000
  ],
  "val_accuracy": [
    0.655,
    0.63,
    0.67,
    0.67,
    0.67,
    0.675,
    0.665,
    0.67,
    0.665,
    0.665
  ],
  "val_loss": [
    0.2600089235906489,
    0.34995532509405164,
    0.26092139663932584,
    0.24513249277866833,
    0.23485138111506473,
    0.22879868537468412,
    0.2752694093408195,
    0.24958297105112592,
    0.26491960040286355,
    0.25904223909572466
  ],
  "epochs": [
    1,
    2,
    3,
    4,
    5,
    6,
    7,
    8,
    9,
    10
  ],
  "reward_margins": [
    2.7816634190641345,
    5.661440187226981,
    5.988013981543482,
    11.125289512574673,
    11.046511295177043,
    10.442907960303128,
    9.07268195987679,
    4.911162865948864,
    6.345115061402321,
    8.441956591960043
  ],
  "preferred_rewards": [
    -1.6631810566224159,
    -3.6336674853693696,
    -3.484132661987096,
    -1.138429285697639,
    0.30648331001400947,
    0.8780375257134437,
    0.9987562557402998,
    2.499238821417093,
    2.78675402065739,
    3.71670997784473
  ],
  "rejected_rewards": [
    -4.444844475444406,
    -9.295107673555613,
    -9.472146639898419,
    -12.263718792200088,
    -10.740027961209416,
    -9.564870451446623,
    -8.073925703363493,
    -2.411924055465497,
    -3.558361017834395,
    -4.72524660166353
  ]
}