{
  "train_loss": [
    0.5184949831625002,
    0.2415263116425645,
    0.11153354803182647,
    0.058741617989025816,
    0.038334041699690874,
    0.02078492224702727,
    0.016004327486580303,
    0.015160285612770183,
    0.015127015704458036,
    0.015399505001023016
  ],
  "kl_loss": [
    0.08112690069473687,
    0.06660234712196135,
    0.08970688039486387,
    0.0981205876636426,
    0.09833101343478909,
    0.12896940412115207,
    0.11278477234485666,
    0.10612518038699585,
    0.10471958421846539,
    0.10655931043809494
  ],
  "train_steps": [
    15,
    30,
    45,
    60,
    75,
    90,
    105,
    120,
    135,
    150
  ],
  "epochs": [
    1,
    2,
    3,
    4,
    5,
    6,
    7,
    8,
    9,
    10
  ],
  "reward_margins": [
    1.3253510440223746,
    3.6859078660509033,
    5.468222385131651,
    7.747949362864925,
    8.592138023840057,
    9.663694221377373,
    10.053557266924116,
    9.942692758109834,
    9.768032046159108,
    9.717087677319844
  ],
  "preferred_rewards": [
    -1.9395093687551304,
    -0.17305643011971067,
    0.63715833833868,
    3.020150669295237,
    1.9283873743703588,
    4.542579470484311,
    3.7721212809512186,
    3.97581910116999,
    3.878972693688443,
    3.8589511929173024
  ],
  "rejected_rewards": [
    -3.2648604125136305,
    -3.8589642909092556,
    -4.831064036503796,
    -4.727798683077304,
    -6.6637506613601,
    -5.121114758725809,
    -6.281435992806736,
    -5.9668736557641795,
    -5.889059364589242,
    -5.858136486180333
  ],
  "reference_pref_reward_mean": [
    -1.0057565345118442,
    -0.424896982361873,
    0.336145692575309,
    1.6660595149050157,
    1.1646910616921053,
    2.466101089103354,
    2.038670530749692,
    2.124909891916646,
    2.07055387597945,
    2.0537973781923453
  ],
  "reference_rej_reward_mean": [
    -1.6149714919593599,
    -2.380066368016932,
    -2.638730075156523,
    -2.51969660329322,
    -3.479238619498081,
    -2.604869757278098,
    -3.2885770958330895,
    -3.2288794003344243,
    -3.2318107345534695,
    -3.2283272076977623
  ],
  "reward_divergence": [
    0.7161360863109845,
    1.730738475134486,
    2.4933466071106443,
    3.5621932341743054,
    3.948208354540273,
    4.592723382828667,
    4.726309647175173,
    4.588903464683099,
    4.4656674477447655,
    4.434963093207529
  ],
  "in_dist_val_accuracy": [
    0.88,
    0.93,
    0.97,
    0.96,
    0.93,
    0.97,
    0.96,
    0.96,
    0.97,
    0.97
  ],
  "in_dist_val_loss": [
    0.2563831913471222,
    0.18311635553836822,
    0.08044703444465995,
    0.06436470297456254,
    0.09333209353731946,
    0.05888172291219235,
    0.05342131702695042,
    0.0503550230449764,
    0.04942663377034478,
    0.04941346169332974
  ],
  "in_dist_error_type_accuracy": {
    "too_risky": [
      1.0,
      1.0,
      1.0,
      1.0,
      0.9672131147540983,
      1.0,
      1.0,
      1.0,
      1.0,
      1.0
    ],
    "too_risk_averse": [
      0.6923076923076923,
      0.8205128205128205,
      0.9230769230769231,
      0.8974358974358975,
      0.8717948717948718,
      0.9230769230769231,
      0.8974358974358975,
      0.8974358974358975,
      0.9230769230769231,
      0.9230769230769231
    ],
    "other": [
      0.0,
      0.0,
      0.0,
      0.0,
      0.0,
      0.0,
      0.0,
      0.0,
      0.0,
      0.0
    ]
  },
  "out_dist_val_accuracy": [
    0.8564315352697095,
    0.921161825726141,
    0.8464730290456431,
    0.8788381742738589,
    0.754356846473029,
    0.9103734439834025,
    0.9103734439834025,
    0.9095435684647303,
    0.9095435684647303,
    0.9095435684647303
  ],
  "out_dist_val_loss": [
    0.3214426614436866,
    0.17832142313269905,
    0.39650067766177705,
    0.3458348204826171,
    0.7149328707164748,
    0.2640149320000435,
    0.26726468149031596,
    0.26620512706424687,
    0.26539523435671547,
    0.26531144880314833
  ],
  "out_dist_error_type_accuracy": {
    "too_risky": [
      0.9060402684563759,
      0.9712368168744008,
      0.8964525407478428,
      0.9338446788111218,
      0.7900287631831256,
      0.959731543624161,
      0.9568552253116012,
      0.9558964525407478,
      0.9558964525407478,
      0.9558964525407478
    ],
    "too_risk_averse": [
      0.5370370370370371,
      0.5987654320987654,
      0.5246913580246914,
      0.5246913580246914,
      0.5246913580246914,
      0.5925925925925926,
      0.6111111111111112,
      0.6111111111111112,
      0.6111111111111112,
      0.6111111111111112
    ],
    "other": [
      0.0,
      0.0,
      0.0,
      0.0,
      0.0,
      0.0,
      0.0,
      0.0,
      0.0,
      0.0
    ]
  },
  "val_accuracy": [
    0.8564315352697095,
    0.921161825726141,
    0.8464730290456431,
    0.8788381742738589,
    0.754356846473029,
    0.9103734439834025,
    0.9103734439834025,
    0.9095435684647303,
    0.9095435684647303,
    0.9095435684647303
  ],
  "val_loss": [
    0.3214426614436866,
    0.17832142313269905,
    0.39650067766177705,
    0.3458348204826171,
    0.7149328707164748,
    0.2640149320000435,
    0.26726468149031596,
    0.26620512706424687,
    0.26539523435671547,
    0.26531144880314833
  ],
  "error_type_accuracy": {
    "too_risky": [
      0.9060402684563759,
      0.9712368168744008,
      0.8964525407478428,
      0.9338446788111218,
      0.7900287631831256,
      0.959731543624161,
      0.9568552253116012,
      0.9558964525407478,
      0.9558964525407478,
      0.9558964525407478
    ],
    "too_risk_averse": [
      0.5370370370370371,
      0.5987654320987654,
      0.5246913580246914,
      0.5246913580246914,
      0.5246913580246914,
      0.5925925925925926,
      0.6111111111111112,
      0.6111111111111112,
      0.6111111111111112,
      0.6111111111111112
    ],
    "other": [
      0.0,
      0.0,
      0.0,
      0.0,
      0.0,
      0.0,
      0.0,
      0.0,
      0.0,
      0.0
    ]
  }
}