{
  "train_loss": [
    0.7116707694112209,
    0.5489492463438135,
    0.3738715324485511,
    0.23658407943552,
    0.12456894852221012,
    0.06084563427098226,
    0.040553728743505324,
    0.03201410935562627,
    0.03057193881301046,
    0.03025687534133332
  ],
  "kl_loss": [
    0.019498223071231655,
    0.03755073108824722,
    0.10069762485657345,
    0.13424526815090262,
    0.14849146939160532,
    0.1435792195496329,
    0.15740698807987205,
    0.17089651954736104,
    0.18515827302543217,
    0.18496191872512563
  ],
  "train_steps": [
    8,
    16,
    24,
    32,
    40,
    48,
    56,
    64,
    72,
    80
  ],
  "epochs": [
    1,
    2,
    3,
    4,
    5,
    6,
    7,
    8,
    9,
    10
  ],
  "reward_margins": [
    0.10239855856220756,
    0.6375297128823069,
    1.563569655890266,
    2.6143083023693827,
    3.830355000363456,
    5.257832863065931,
    6.394319859080844,
    7.219029335975647,
    7.422578363683488,
    7.435958901776208
  ],
  "preferred_rewards": [
    -0.49964601967483757,
    -0.5385458467424744,
    0.7718763703384643,
    1.6386335225879318,
    1.7037202016538422,
    2.573657560385246,
    3.1509923319562545,
    4.459123234839903,
    3.914468897663885,
    3.7542349382407134
  ],
  "rejected_rewards": [
    -0.6020445775181159,
    -1.1760755579504703,
    -0.7916932853828702,
    -0.9756747848731983,
    -2.1266347964025205,
    -2.684175297808316,
    -3.2433275153322354,
    -2.759906107475205,
    -3.508109449491733,
    -3.681723941417618
  ],
  "in_dist_val_accuracy": [
    0.72,
    0.72,
    0.84,
    0.88,
    0.94,
    0.92,
    0.94,
    0.94,
    0.94,
    0.94
  ],
  "in_dist_val_loss": [
    0.5409631657600403,
    0.532091805934906,
    0.35840450316667555,
    0.2305248874425888,
    0.13445785159245133,
    0.11737070450559259,
    0.11288216228131205,
    0.10203989776084199,
    0.09950829995679669,
    0.09872579234768636
  ],
  "in_dist_error_type_accuracy": {
    "too_risky": [
      0.72,
      0.72,
      0.84,
      0.88,
      0.94,
      0.92,
      0.94,
      0.94,
      0.94,
      0.94
    ],
    "too_risk_averse": [
      0.0,
      0.0,
      0.0,
      0.0,
      0.0,
      0.0,
      0.0,
      0.0,
      0.0,
      0.0
    ],
    "other": [
      0.0,
      0.0,
      0.0,
      0.0,
      0.0,
      0.0,
      0.0,
      0.0,
      0.0,
      0.0
    ]
  },
  "out_dist_val_accuracy": [
    0.2892768079800499,
    0.26433915211970077,
    0.29925187032418954,
    0.30423940149625933,
    0.2967581047381546,
    0.2942643391521197,
    0.286783042394015,
    0.2892768079800499,
    0.286783042394015,
    0.286783042394015
  ],
  "out_dist_val_loss": [
    0.6964506841359888,
    0.6986383464270993,
    0.6966908412086696,
    0.6991088646011162,
    0.7010197544335725,
    0.7047468944083426,
    0.709435511705584,
    0.7134810980418673,
    0.7147944336222889,
    0.7150607632282666
  ],
  "out_dist_error_type_accuracy": {
    "too_risky": [
      0.2818181818181818,
      0.2409090909090909,
      0.2909090909090909,
      0.32272727272727275,
      0.31363636363636366,
      0.31363636363636366,
      0.3,
      0.30454545454545456,
      0.30454545454545456,
      0.30454545454545456
    ],
    "too_risk_averse": [
      0.3969465648854962,
      0.3893129770992366,
      0.40458015267175573,
      0.366412213740458,
      0.35877862595419846,
      0.3511450381679389,
      0.3511450381679389,
      0.3511450381679389,
      0.3435114503816794,
      0.3435114503816794
    ],
    "other": [
      0.04,
      0.04,
      0.06,
      0.06,
      0.06,
      0.06,
      0.06,
      0.06,
      0.06,
      0.06
    ]
  },
  "val_accuracy": [
    0.2892768079800499,
    0.26433915211970077,
    0.29925187032418954,
    0.30423940149625933,
    0.2967581047381546,
    0.2942643391521197,
    0.286783042394015,
    0.2892768079800499,
    0.286783042394015,
    0.286783042394015
  ],
  "val_loss": [
    0.6964506841359888,
    0.6986383464270993,
    0.6966908412086696,
    0.6991088646011162,
    0.7010197544335725,
    0.7047468944083426,
    0.709435511705584,
    0.7134810980418673,
    0.7147944336222889,
    0.7150607632282666
  ],
  "error_type_accuracy": {
    "too_risky": [
      0.2818181818181818,
      0.2409090909090909,
      0.2909090909090909,
      0.32272727272727275,
      0.31363636363636366,
      0.31363636363636366,
      0.3,
      0.30454545454545456,
      0.30454545454545456,
      0.30454545454545456
    ],
    "too_risk_averse": [
      0.3969465648854962,
      0.3893129770992366,
      0.40458015267175573,
      0.366412213740458,
      0.35877862595419846,
      0.3511450381679389,
      0.3511450381679389,
      0.3511450381679389,
      0.3435114503816794,
      0.3435114503816794
    ],
    "other": [
      0.04,
      0.04,
      0.06,
      0.06,
      0.06,
      0.06,
      0.06,
      0.06,
      0.06,
      0.06
    ]
  }
}