{
  "train_loss": [
    0.721989291244083,
    0.6511671940485636,
    0.5948245780335533,
    0.4772032949659559,
    0.2625647054215531,
    0.22812267424370575,
    0.2539061964636049,
    0.27629141737016405,
    0.2502337355338063,
    0.22483173869808928
  ],
  "train_steps": [
    12,
    24,
    36,
    48,
    60,
    72,
    84,
    96,
    108,
    120
  ],
  "epochs": [
    1,
    2,
    3,
    4,
    5,
    6,
    7,
    8,
    9,
    10
  ],
  "reward_margins": [
    0.002787125441763136,
    0.21663722429010604,
    0.357102223402924,
    0.7990708202123642,
    3.3171585630211564,
    5.483107168310219,
    6.670759825905164,
    6.65754690931903,
    3.6352351897292667,
    3.5580690112378863
  ],
  "preferred_rewards": [
    -1.1926893519030677,
    -0.067742969840765,
    0.8439731573065122,
    1.5013223584327433,
    4.3604863059189585,
    5.983979302810298,
    7.679942804243829,
    5.480081215169695,
    3.43565310007996,
    2.3919985555940206
  ],
  "rejected_rewards": [
    -1.1954764776759677,
    -0.28438019528985026,
    0.4868709379186233,
    0.7022515370613999,
    1.043327750845088,
    0.5008721591697799,
    1.0091829790009392,
    -1.1774656858709123,
    -0.19958210786183675,
    -1.1660704707105956
  ],
  "in_dist_val_accuracy": [
    0.3,
    0.4,
    0.5,
    0.5,
    0.6,
    0.5,
    0.6,
    0.5,
    0.4,
    0.4
  ],
  "in_dist_val_loss": [
    0.8682090520858765,
    0.7024050712585449,
    0.6433756828308106,
    0.8435915470123291,
    0.7213346838951111,
    1.8994507849216462,
    1.710153877735138,
    1.6747638463974,
    0.8197158694267273,
    1.3365191578865052
  ],
  "in_dist_error_type_accuracy": {
    "too_risky": [
      0.0,
      0.25,
      0.5,
      0.5,
      0.75,
      0.5,
      0.75,
      0.75,
      0.75,
      0.5
    ],
    "too_risk_averse": [
      0.5,
      0.5,
      0.5,
      0.5,
      0.5,
      0.5,
      0.5,
      0.3333333333333333,
      0.16666666666666666,
      0.3333333333333333
    ],
    "other": [
      0.0,
      0.0,
      0.0,
      0.0,
      0.0,
      0.0,
      0.0,
      0.0,
      0.0,
      0.0
    ]
  },
  "out_dist_val_accuracy": [
    0.2593516209476309,
    0.3117206982543641,
    0.32917705735660846,
    0.34663341645885287,
    0.3167082294264339,
    0.3117206982543641,
    0.3516209476309227,
    0.34413965087281795,
    0.32418952618453867,
    0.3117206982543641
  ],
  "out_dist_val_loss": [
    0.7188559232507263,
    0.6902292128512985,
    0.6887472380426459,
    0.7705538675672098,
    1.5800455802693927,
    1.580216558942771,
    1.8256056659536766,
    1.0875565304125931,
    0.9273968278023965,
    1.0194934349404903
  ],
  "out_dist_error_type_accuracy": {
    "too_risky": [
      0.2545454545454545,
      0.2681818181818182,
      0.2909090909090909,
      0.2863636363636364,
      0.2818181818181818,
      0.23636363636363636,
      0.33181818181818185,
      0.33636363636363636,
      0.31363636363636366,
      0.2909090909090909
    ],
    "too_risk_averse": [
      0.3511450381679389,
      0.48091603053435117,
      0.5038167938931297,
      0.5572519083969466,
      0.48091603053435117,
      0.5419847328244275,
      0.4961832061068702,
      0.46564885496183206,
      0.45038167938931295,
      0.45038167938931295
    ],
    "other": [
      0.04,
      0.06,
      0.04,
      0.06,
      0.04,
      0.04,
      0.06,
      0.06,
      0.04,
      0.04
    ]
  },
  "val_accuracy": [
    0.2593516209476309,
    0.3117206982543641,
    0.32917705735660846,
    0.34663341645885287,
    0.3167082294264339,
    0.3117206982543641,
    0.3516209476309227,
    0.34413965087281795,
    0.32418952618453867,
    0.3117206982543641
  ],
  "val_loss": [
    0.7188559232507263,
    0.6902292128512985,
    0.6887472380426459,
    0.7705538675672098,
    1.5800455802693927,
    1.580216558942771,
    1.8256056659536766,
    1.0875565304125931,
    0.9273968278023965,
    1.0194934349404903
  ],
  "error_type_accuracy": {
    "too_risky": [
      0.2545454545454545,
      0.2681818181818182,
      0.2909090909090909,
      0.2863636363636364,
      0.2818181818181818,
      0.23636363636363636,
      0.33181818181818185,
      0.33636363636363636,
      0.31363636363636366,
      0.2909090909090909
    ],
    "too_risk_averse": [
      0.3511450381679389,
      0.48091603053435117,
      0.5038167938931297,
      0.5572519083969466,
      0.48091603053435117,
      0.5419847328244275,
      0.4961832061068702,
      0.46564885496183206,
      0.45038167938931295,
      0.45038167938931295
    ],
    "other": [
      0.04,
      0.06,
      0.04,
      0.06,
      0.04,
      0.04,
      0.06,
      0.06,
      0.04,
      0.04
    ]
  }
}