{
  "train_loss": [],
  "train_steps": [],
  "epochs": [
    1,
    2,
    3,
    4,
    5,
    6,
    7,
    8,
    9,
    10
  ],
  "reward_margins": [
    0.0017845975028143988,
    0.21487846059931648,
    0.35569672733545304,
    0.8427273036705123,
    3.6773646074036757,
    5.916832904848787,
    7.819463681512409,
    2.0842175092962054,
    2.421251643697421,
    4.132551551527447
  ],
  "preferred_rewards": [
    -1.1973760263787376,
    -0.07225985560152266,
    0.8247778968678581,
    1.563754851784971,
    4.631589785466591,
    7.068948067062431,
    8.197538467579419,
    0.6347369028462304,
    -0.2548090626796087,
    1.2904418158862325
  ],
  "rejected_rewards": [
    -1.1991606232192782,
    -0.28713831264111733,
    0.4690811692012681,
    0.7210275457137161,
    0.9542252003318734,
    1.1521151691675187,
    0.3780747605694665,
    -1.4494806081884437,
    -2.67606070737044,
    -2.842109724216991
  ],
  "in_dist_val_accuracy": [
    0.3,
    0.4,
    0.5,
    0.5,
    0.6,
    0.5,
    0.8,
    0.5,
    0.6,
    0.6
  ],
  "in_dist_val_loss": [
    0.8673505902290344,
    0.7033647775650025,
    0.6368490934371949,
    0.8855404138565064,
    0.661035168170929,
    2.0452402532100677,
    0.6099828630685806,
    0.9446917772293091,
    0.8419761061668396,
    0.7191854953765869
  ],
  "in_dist_error_type_accuracy": {
    "too_risky": [
      0.0,
      0.25,
      0.5,
      0.5,
      0.75,
      0.5,
      0.75,
      0.5,
      0.75,
      0.75
    ],
    "too_risk_averse": [
      0.5,
      0.5,
      0.5,
      0.5,
      0.5,
      0.5,
      0.8333333333333334,
      0.5,
      0.5,
      0.5
    ],
    "other": [
      0.0,
      0.0,
      0.0,
      0.0,
      0.0,
      0.0,
      0.0,
      0.0,
      0.0,
      0.0
    ]
  },
  "out_dist_val_accuracy": [
    0.2593516209476309,
    0.3167082294264339,
    0.32917705735660846,
    0.33915211970074816,
    0.314214463840399,
    0.33665835411471323,
    0.341645885286783,
    0.36159600997506236,
    0.3316708229426434,
    0.33665835411471323
  ],
  "out_dist_val_loss": [
    0.7187434298141936,
    0.6902357869017451,
    0.6893307660285969,
    0.7869502185586087,
    1.6801515227541364,
    1.9034753361545,
    1.1812424438998586,
    0.7142101612471583,
    0.8668786956187793,
    1.1118126783585014
  ],
  "out_dist_error_type_accuracy": {
    "too_risky": [
      0.2545454545454545,
      0.2681818181818182,
      0.2909090909090909,
      0.2681818181818182,
      0.2772727272727273,
      0.2636363636363636,
      0.33636363636363636,
      0.3409090909090909,
      0.31363636363636366,
      0.31363636363636366
    ],
    "too_risk_averse": [
      0.3511450381679389,
      0.4961832061068702,
      0.5038167938931297,
      0.5648854961832062,
      0.4732824427480916,
      0.5725190839694656,
      0.4580152671755725,
      0.5190839694656488,
      0.4732824427480916,
      0.48854961832061067
    ],
    "other": [
      0.04,
      0.06,
      0.04,
      0.06,
      0.06,
      0.04,
      0.06,
      0.04,
      0.04,
      0.04
    ]
  },
  "val_accuracy": [
    0.2593516209476309,
    0.3167082294264339,
    0.32917705735660846,
    0.33915211970074816,
    0.314214463840399,
    0.33665835411471323,
    0.341645885286783,
    0.36159600997506236,
    0.3316708229426434,
    0.33665835411471323
  ],
  "val_loss": [
    0.7187434298141936,
    0.6902357869017451,
    0.6893307660285969,
    0.7869502185586087,
    1.6801515227541364,
    1.9034753361545,
    1.1812424438998586,
    0.7142101612471583,
    0.8668786956187793,
    1.1118126783585014
  ],
  "error_type_accuracy": {
    "too_risky": [
      0.2545454545454545,
      0.2681818181818182,
      0.2909090909090909,
      0.2681818181818182,
      0.2772727272727273,
      0.2636363636363636,
      0.33636363636363636,
      0.3409090909090909,
      0.31363636363636366,
      0.31363636363636366
    ],
    "too_risk_averse": [
      0.3511450381679389,
      0.4961832061068702,
      0.5038167938931297,
      0.5648854961832062,
      0.4732824427480916,
      0.5725190839694656,
      0.4580152671755725,
      0.5190839694656488,
      0.4732824427480916,
      0.48854961832061067
    ],
    "other": [
      0.04,
      0.06,
      0.04,
      0.06,
      0.06,
      0.04,
      0.06,
      0.04,
      0.04,
      0.04
    ]
  }
}