{
  "train_loss": [
    0.7714221811294556,
    0.6671152812242508,
    0.44379561763256786,
    0.2972421574294299,
    0.2943832100479631,
    0.2254620231280569,
    0.1999977680343909,
    0.196006250269387,
    0.1957840163495962,
    0.19496293650359575
  ],
  "train_steps": [
    50,
    100,
    150,
    200,
    250,
    300,
    350,
    400,
    450,
    500
  ],
  "val_accuracy": [
    0.30673316708229426,
    0.3316708229426434,
    0.3341645885286783,
    0.30423940149625933,
    0.32917705735660846,
    0.3491271820448878,
    0.3516209476309227,
    0.3541147132169576,
    0.3491271820448878,
    0.34413965087281795
  ],
  "val_loss": [
    0.7068208756292252,
    0.6800259485506357,
    0.8062882473938483,
    0.7347303804316723,
    0.9003582613872471,
    1.1732110265187194,
    1.138955658101976,
    1.1979409600062263,
    1.3075427998628402,
    1.3829747047507555
  ],
  "epochs": [
    1,
    2,
    3,
    4,
    5,
    6,
    7,
    8,
    9,
    10
  ],
  "reward_margins": [
    -0.06251177549362183,
    0.1314840205013752,
    1.1132650470733643,
    4.161044461578131,
    3.2334344044327734,
    3.6545354118943214,
    6.696856717765331,
    7.358482694029808,
    7.714876094460488,
    7.719600595235825
  ],
  "preferred_rewards": [
    -1.32503204010427,
    -0.031378190144896505,
    0.7216322448849678,
    4.30931262254715,
    2.482136089652777,
    3.0563843439519407,
    5.8909677544236185,
    6.627779851853847,
    6.338625974357128,
    5.896544606983662
  ],
  "rejected_rewards": [
    -1.2625202640891076,
    -0.16286220896989106,
    -0.39163279995322225,
    0.14826815724372863,
    -0.7512983409315348,
    -0.5981510755419731,
    -0.8058889321982861,
    -0.7307028245925903,
    -1.3762501388788224,
    -1.8230560037493706
  ],
  "error_type_accuracy": {
    "too_risky": [
      0.3181818181818182,
      0.2863636363636364,
      0.32272727272727275,
      0.2681818181818182,
      0.30454545454545456,
      0.33181818181818185,
      0.3409090909090909,
      0.3409090909090909,
      0.3409090909090909,
      0.33181818181818185
    ],
    "too_risk_averse": [
      0.3893129770992366,
      0.5190839694656488,
      0.46564885496183206,
      0.4580152671755725,
      0.48091603053435117,
      0.4961832061068702,
      0.48854961832061067,
      0.4961832061068702,
      0.48091603053435117,
      0.48091603053435117
    ],
    "other": [
      0.04,
      0.04,
      0.04,
      0.06,
      0.04,
      0.04,
      0.04,
      0.04,
      0.04,
      0.04
    ]
  }
}