{
  "train_loss": [
    0.7153047305345536,
    0.7615825834497809,
    0.7376927624580761,
    0.7275017265928909,
    0.7164685971178114,
    0.7318806476797909,
    0.712072516146249,
    0.7262851899012458,
    0.5988283121958375,
    0.5979913759604096,
    0.5673272460202377,
    0.5388535462063737,
    0.5371422321815044,
    0.5480409456160851,
    0.5722097390085192,
    0.578646480482712,
    0.5405751104094088,
    0.5380864175519673,
    0.5494157568867861,
    0.5220739347655035,
    0.5158286151474822,
    0.5011875740771271,
    0.5343589788555723,
    0.5260495205118377,
    0.4873782684467733,
    0.4914130056439899,
    0.5184183074821097,
    0.48483627117471767,
    0.5135550262515899,
    0.5194762121309274,
    0.5207209933108035,
    0.5315352087233259,
    0.4929750406119274,
    0.49012982555606865,
    0.5125624996505213,
    0.4935610889006057,
    0.5024854955130722,
    0.4798602114903042,
    0.4824599149914658,
    0.4919473392279906
  ],
  "train_steps": [
    50,
    100,
    150,
    200,
    250,
    300,
    350,
    400,
    450,
    500,
    550,
    600,
    650,
    700,
    750,
    800,
    850,
    900,
    950,
    1000,
    1050,
    1100,
    1150,
    1200,
    1250,
    1300,
    1350,
    1400,
    1450,
    1500,
    1550,
    1600,
    1650,
    1700,
    1750,
    1800,
    1850,
    1900,
    1950,
    2000
  ],
  "val_accuracy": [
    0.59,
    0.62,
    0.625,
    0.645,
    0.65
  ],
  "val_loss": [
    0.5923341865837574,
    0.5487886299937963,
    0.6425155766122043,
    0.5532486829347909,
    0.6261120752524585
  ],
  "epochs": [
    1,
    2,
    3,
    4,
    5
  ],
  "reward_margins": [
    0.6582910538464785,
    1.5833424985408784,
    2.095223941653967,
    2.3896632163226603,
    2.709917698353529
  ],
  "preferred_rewards": [
    -0.639124350734055,
    1.6307435658201574,
    2.5304768200963736,
    4.145381771624089,
    4.614131201654673
  ],
  "rejected_rewards": [
    -1.2974154050275684,
    0.047401069067418575,
    0.4352528788894415,
    1.7557185576856136,
    1.9042135088145733
  ]
}