{
  "train_loss": [
    0.7139504174391429,
    0.6470641990502676,
    0.5789539532528983,
    0.4916482023066945,
    0.32181563363927934,
    0.24260130997022822,
    0.22806188110908907,
    0.21718571874696407,
    0.2176624227457675,
    0.20933266705066875
  ],
  "in_dist_val_accuracy": [
    0.3,
    0.4,
    0.6,
    0.5,
    0.3,
    0.6,
    0.5,
    0.4,
    0.1,
    0.4
  ],
  "out_dist_val_accuracy": [
    0.26433915211970077,
    0.3092269326683292,
    0.3192019950124688,
    0.3341645885286783,
    0.3316708229426434,
    0.30174563591022446,
    0.34413965087281795,
    0.30673316708229426,
    0.32917705735660846,
    0.33665835411471323
  ],
  "epochs": [
    1,
    2,
    3,
    4,
    5,
    6,
    7,
    8,
    9,
    10
  ]
}