{
  "train_loss": [
    0.47086066099090707,
    0.19255416833899086,
    0.09962602066497007,
    0.06216960152818097,
    0.040216392018935745,
    0.027607853280173407,
    0.02461119558972617,
    0.02187923444641961,
    0.021455435121638906
  ],
  "kl_loss": [
    0.11027703351548149,
    0.21676102151266402,
    0.4921557676957713,
    0.38952983430690236,
    0.2605976215749979,
    0.17904302106963263,
    0.15457212782982324,
    0.14228335596621036,
    0.13795455721103483
  ],
  "train_steps": [
    15,
    30,
    45,
    60,
    75,
    90,
    105,
    120,
    135
  ],
  "epochs": [
    1,
    2,
    3,
    4,
    5,
    6,
    7,
    8,
    9
  ],
  "reward_margins": [
    1.7566293766349554,
    4.105036059117151,
    4.612347682432996,
    4.548551759719849,
    4.763654016918606,
    5.085771174960667,
    5.104909177091386,
    5.258259414831797,
    5.261618833012051
  ],
  "preferred_rewards": [
    -1.412406132057723,
    -0.45859144365104537,
    0.5299830011980763,
    0.17269751129031646,
    0.04817188144648551,
    -0.05284036600580698,
    -0.20335688576955968,
    0.12503883344308836,
    0.058586013826748565
  ],
  "rejected_rewards": [
    -3.169035508105428,
    -4.563627498360455,
    -4.082364682033658,
    -4.375854252229134,
    -4.715482136673398,
    -5.138611539867189,
    -5.308266067637337,
    -5.1332205871740975,
    -5.203032814794117
  ],
  "reference_pref_reward_mean": [
    -0.7839065728502141,
    -0.6992865990350644,
    -0.07034609324402279,
    -0.2345084953846203,
    -0.1872813872123758,
    -0.3118512174238761,
    -0.40629790200127497,
    -0.2624406191913618,
    -0.2849682892403669
  ],
  "reference_rej_reward_mean": [
    -1.5298578478230371,
    -2.2378440285722414,
    -1.314017835934129,
    -1.7332327360494268,
    -2.116535239153438,
    -2.691561375922627,
    -2.9171588753329383,
    -2.9237532175083953,
    -2.97374385876788
  ],
  "reward_divergence": [
    1.010678101074882,
    2.5664786251722327,
    3.3686759405416278,
    3.0498275228546436,
    2.8344001661788205,
    2.7060610153626317,
    2.5940482085361145,
    2.596946822300153,
    2.5728432590933523
  ],
  "in_dist_val_accuracy": [
    0.87,
    0.96,
    1.0,
    1.0,
    1.0,
    1.0,
    1.0,
    1.0,
    1.0
  ],
  "in_dist_val_loss": [
    0.22595905650407075,
    0.11142408043146133,
    0.04471324633806944,
    0.032731554061174395,
    0.02378331195563078,
    0.0187685433216393,
    0.016133650848641993,
    0.015975784407928587,
    0.015976270996034145
  ],
  "in_dist_error_type_accuracy": {
    "too_risky": [
      1.0,
      0.9836065573770492,
      1.0,
      1.0,
      1.0,
      1.0,
      1.0,
      1.0,
      1.0
    ],
    "too_risk_averse": [
      0.6666666666666666,
      0.9230769230769231,
      1.0,
      1.0,
      1.0,
      1.0,
      1.0,
      1.0,
      1.0
    ],
    "other": [
      0.0,
      0.0,
      0.0,
      0.0,
      0.0,
      0.0,
      0.0,
      0.0,
      0.0
    ]
  },
  "out_dist_val_accuracy": [
    0.9095435684647303,
    0.6829875518672199,
    0.9120331950207469,
    0.9053941908713693,
    0.9518672199170124,
    0.9692946058091286,
    0.966804979253112,
    0.9676348547717842,
    0.9676348547717842
  ],
  "out_dist_val_loss": [
    0.23189373251313491,
    0.6235406874373741,
    0.2794420514394881,
    0.3284820557629914,
    0.20756557576389234,
    0.14095618745536231,
    0.14681224193563105,
    0.14188027423941743,
    0.13839477516432522
  ],
  "out_dist_error_type_accuracy": {
    "too_risky": [
      0.962607861936721,
      0.725790987535954,
      0.947267497603068,
      0.9194630872483222,
      0.959731543624161,
      0.9779482262703739,
      0.975071907957814,
      0.9769894534995206,
      0.9769894534995206
    ],
    "too_risk_averse": [
      0.5679012345679012,
      0.4074074074074074,
      0.6851851851851852,
      0.8148148148148148,
      0.9012345679012346,
      0.9135802469135802,
      0.9135802469135802,
      0.9074074074074074,
      0.9074074074074074
    ],
    "other": [
      0.0,
      0.0,
      0.0,
      0.0,
      0.0,
      0.0,
      0.0,
      0.0,
      0.0
    ]
  },
  "val_accuracy": [
    0.9095435684647303,
    0.6829875518672199,
    0.9120331950207469,
    0.9053941908713693,
    0.9518672199170124,
    0.9692946058091286,
    0.966804979253112,
    0.9676348547717842,
    0.9676348547717842
  ],
  "val_loss": [
    0.23189373251313491,
    0.6235406874373741,
    0.2794420514394881,
    0.3284820557629914,
    0.20756557576389234,
    0.14095618745536231,
    0.14681224193563105,
    0.14188027423941743,
    0.13839477516432522
  ],
  "error_type_accuracy": {
    "too_risky": [
      0.962607861936721,
      0.725790987535954,
      0.947267497603068,
      0.9194630872483222,
      0.959731543624161,
      0.9779482262703739,
      0.975071907957814,
      0.9769894534995206,
      0.9769894534995206
    ],
    "too_risk_averse": [
      0.5679012345679012,
      0.4074074074074074,
      0.6851851851851852,
      0.8148148148148148,
      0.9012345679012346,
      0.9135802469135802,
      0.9135802469135802,
      0.9074074074074074,
      0.9074074074074074
    ],
    "other": [
      0.0,
      0.0,
      0.0,
      0.0,
      0.0,
      0.0,
      0.0,
      0.0,
      0.0
    ]
  }
}