{
  "train_loss": [
    0.4695815336248941,
    0.19754742856240934,
    0.0932097536780768,
    0.058642859717624056,
    0.0339882159843627,
    0.02532915815504061,
    0.01932840859517455,
    0.017997366301715376,
    0.017401975403643317
  ],
  "kl_loss": [
    0.11175876748023762,
    0.2212799622491002,
    0.462153941831655,
    0.36470587434040175,
    0.22888424245019753,
    0.16169847033090062,
    0.12740624895112382,
    0.11468270992239317,
    0.1122601599080695
  ],
  "train_steps": [
    15,
    30,
    45,
    60,
    75,
    90,
    105,
    120,
    135
  ],
  "epochs": [
    1,
    2,
    3,
    4,
    5,
    6,
    7,
    8,
    9
  ],
  "reward_margins": [
    1.7716951120810376,
    4.079038321549694,
    5.067976080874602,
    4.741563193334473,
    5.196620778507657,
    5.276595692767037,
    5.518409808476766,
    5.528230378362868,
    5.625713325606452
  ],
  "preferred_rewards": [
    -1.3845367068124728,
    -0.38179130512600146,
    0.7200692956571261,
    0.49358051598796415,
    0.2328463463803443,
    0.5533075972643888,
    0.40660835069086815,
    0.6390732499729428,
    0.6477830722423581
  ],
  "rejected_rewards": [
    -3.156231818633775,
    -4.460829628214189,
    -4.347906778694854,
    -4.24798267694811,
    -4.963774431049824,
    -4.723288087315029,
    -5.111801465749741,
    -4.8891571284665005,
    -4.9779302521546684
  ],
  "reference_pref_reward_mean": [
    -0.7688012896974882,
    -0.6318948478293088,
    0.008240576965941323,
    0.046485171342889466,
    0.06671200348271264,
    0.11449765880902608,
    0.14297069932023684,
    0.207999232125779,
    0.2066690849678384
  ],
  "reference_rej_reward_mean": [
    -1.520252398070362,
    -2.1313608497629564,
    -1.400338785296513,
    -1.5631991176555553,
    -2.128791281481584,
    -2.414463054653671,
    -2.705451366123226,
    -2.7436141821907625,
    -2.7999818915625414
  ],
  "reward_divergence": [
    1.0202440034484286,
    2.5795723211545396,
    3.659396712089526,
    3.1318789039376296,
    3.001117492465872,
    2.7476349711167205,
    2.6699877509971457,
    2.5766169641229015,
    2.619062347866647
  ],
  "in_dist_val_accuracy": [
    0.87,
    0.96,
    1.0,
    0.99,
    1.0,
    1.0,
    1.0,
    1.0,
    1.0
  ],
  "in_dist_val_loss": [
    0.22676337618380785,
    0.10353207799606025,
    0.06315432004630565,
    0.027655872516334057,
    0.024685606146231293,
    0.015440218551084399,
    0.017318356819450854,
    0.01680628220550716,
    0.01686520567163825
  ],
  "in_dist_error_type_accuracy": {
    "too_risky": [
      1.0,
      1.0,
      1.0,
      1.0,
      1.0,
      1.0,
      1.0,
      1.0,
      1.0
    ],
    "too_risk_averse": [
      0.6666666666666666,
      0.8974358974358975,
      1.0,
      0.9743589743589743,
      1.0,
      1.0,
      1.0,
      1.0,
      1.0
    ],
    "other": [
      0.0,
      0.0,
      0.0,
      0.0,
      0.0,
      0.0,
      0.0,
      0.0,
      0.0
    ]
  },
  "out_dist_val_accuracy": [
    0.9120331950207469,
    0.8232365145228215,
    0.837344398340249,
    0.9294605809128631,
    0.9286307053941909,
    0.966804979253112,
    0.9618257261410789,
    0.966804979253112,
    0.966804979253112
  ],
  "out_dist_val_loss": [
    0.22198443504289966,
    0.3915579134405154,
    0.4126730620861053,
    0.27809545118284423,
    0.22718784255729177,
    0.14696745422989502,
    0.17036879088003112,
    0.14967001841337849,
    0.14793469399770265
  ],
  "out_dist_error_type_accuracy": {
    "too_risky": [
      0.965484180249281,
      0.8667305848513902,
      0.8657718120805369,
      0.9395973154362416,
      0.9395973154362416,
      0.9769894534995206,
      0.9702780441035475,
      0.9760306807286673,
      0.9760306807286673
    ],
    "too_risk_averse": [
      0.5679012345679012,
      0.5432098765432098,
      0.654320987654321,
      0.8641975308641975,
      0.8580246913580247,
      0.9012345679012346,
      0.9074074074074074,
      0.9074074074074074,
      0.9074074074074074
    ],
    "other": [
      0.0,
      0.0,
      0.0,
      0.0,
      0.0,
      0.0,
      0.0,
      0.0,
      0.0
    ]
  },
  "val_accuracy": [
    0.9120331950207469,
    0.8232365145228215,
    0.837344398340249,
    0.9294605809128631,
    0.9286307053941909,
    0.966804979253112,
    0.9618257261410789,
    0.966804979253112,
    0.966804979253112
  ],
  "val_loss": [
    0.22198443504289966,
    0.3915579134405154,
    0.4126730620861053,
    0.27809545118284423,
    0.22718784255729177,
    0.14696745422989502,
    0.17036879088003112,
    0.14967001841337849,
    0.14793469399770265
  ],
  "error_type_accuracy": {
    "too_risky": [
      0.965484180249281,
      0.8667305848513902,
      0.8657718120805369,
      0.9395973154362416,
      0.9395973154362416,
      0.9769894534995206,
      0.9702780441035475,
      0.9760306807286673,
      0.9760306807286673
    ],
    "too_risk_averse": [
      0.5679012345679012,
      0.5432098765432098,
      0.654320987654321,
      0.8641975308641975,
      0.8580246913580247,
      0.9012345679012346,
      0.9074074074074074,
      0.9074074074074074,
      0.9074074074074074
    ],
    "other": [
      0.0,
      0.0,
      0.0,
      0.0,
      0.0,
      0.0,
      0.0,
      0.0,
      0.0
    ]
  }
}