{
  "train_loss": [
    0.4836702807309727,
    0.2005220905236072,
    0.09545639441245132,
    0.0653918569866154,
    0.046697864659751454,
    0.03648118296431171,
    0.03025062136352062,
    0.02689546482016643,
    0.026460496303108004,
    0.02602408279147413
  ],
  "kl_loss": [
    0.10886658132800625,
    0.22930068725099167,
    0.4629044487989611,
    0.40742233966787655,
    0.3119784583482477,
    0.23061438886655702,
    0.19227933512793646,
    0.17696456797420979,
    0.16769999451107448,
    0.16581218703339498
  ],
  "train_steps": [
    15,
    30,
    45,
    60,
    75,
    90,
    105,
    120,
    135,
    150
  ],
  "epochs": [
    1,
    2,
    3,
    4,
    5,
    6,
    7,
    8,
    9,
    10
  ],
  "reward_margins": [
    1.6975183990100373,
    4.0663294319166905,
    4.932067882418632,
    4.405805125633876,
    4.674784301519394,
    4.6721738825904,
    4.829663086997138,
    5.003825521734026,
    4.935116475688087,
    4.96184973027971
  ],
  "preferred_rewards": [
    -1.3199224203932358,
    -0.16894976004531295,
    0.6587937228371286,
    0.05222686585763262,
    0.023815920051678808,
    -0.05735662574491774,
    0.09069327574378501,
    0.12002829900166641,
    0.1379431207520732,
    0.1483142051781114
  ],
  "rejected_rewards": [
    -3.017440813759264,
    -4.235279193514337,
    -4.273274156920508,
    -4.353578259812461,
    -4.650968382358551,
    -4.729530500438479,
    -4.738969807094998,
    -4.8837972305880655,
    -4.797173350519604,
    -4.81353552447425
  ],
  "reference_pref_reward_mean": [
    -0.7573517725037204,
    -0.5878061001830631,
    -0.09320705946948793,
    -0.21223788942727778,
    -0.1944366759310166,
    -0.24783072062664563,
    -0.12878935537404484,
    -0.08325945975879828,
    -0.0796199410325951,
    -0.07382603252927462
  ],
  "reference_rej_reward_mean": [
    -1.488918142128322,
    -2.0445796875324516,
    -1.4734545456783639,
    -1.5985625283751224,
    -1.9234391278111271,
    -2.23280431944463,
    -2.3300080725385084,
    -2.423159327978889,
    -2.438178244481484,
    -2.4531403919061026
  ],
  "reward_divergence": [
    0.9659520237414267,
    2.6095558461196355,
    3.5518203935487613,
    3.0194804867222493,
    2.9457818505301194,
    2.6872002758755764,
    2.6284443656743193,
    2.663925661369641,
    2.5765581678227885,
    2.582535370275533
  ],
  "in_dist_val_accuracy": [
    0.87,
    0.94,
    0.99,
    1.0,
    1.0,
    1.0,
    1.0,
    1.0,
    1.0,
    1.0
  ],
  "in_dist_val_loss": [
    0.2240871286764741,
    0.1165949871391058,
    0.06744701340794564,
    0.03552128478884697,
    0.031611854415386914,
    0.02139112027361989,
    0.020401913803070784,
    0.020847925823181866,
    0.020681801009923218,
    0.020560301709920167
  ],
  "in_dist_error_type_accuracy": {
    "too_risky": [
      1.0,
      0.9836065573770492,
      1.0,
      1.0,
      1.0,
      1.0,
      1.0,
      1.0,
      1.0,
      1.0
    ],
    "too_risk_averse": [
      0.6666666666666666,
      0.8717948717948718,
      0.9743589743589743,
      1.0,
      1.0,
      1.0,
      1.0,
      1.0,
      1.0,
      1.0
    ],
    "other": [
      0.0,
      0.0,
      0.0,
      0.0,
      0.0,
      0.0,
      0.0,
      0.0,
      0.0,
      0.0
    ]
  },
  "out_dist_val_accuracy": [
    0.9236514522821577,
    0.8033195020746888,
    0.8838174273858921,
    0.9427385892116182,
    0.9369294605809129,
    0.9585062240663901,
    0.9601659751037345,
    0.9601659751037345,
    0.9601659751037345,
    0.9601659751037345
  ],
  "out_dist_val_loss": [
    0.17689174784664297,
    0.4307972068794041,
    0.33919784137631354,
    0.2746019204931635,
    0.2866861942954578,
    0.19337355866100778,
    0.2000567326994605,
    0.19303488917185063,
    0.19167194185600736,
    0.19064563513111277
  ],
  "out_dist_error_type_accuracy": {
    "too_risky": [
      0.9760306807286673,
      0.8533077660594439,
      0.9185043144774688,
      0.9635666347075743,
      0.947267497603068,
      0.9741131351869607,
      0.9731543624161074,
      0.9731543624161074,
      0.9731543624161074,
      0.9731543624161074
    ],
    "too_risk_averse": [
      0.5864197530864198,
      0.48148148148148145,
      0.6604938271604939,
      0.808641975308642,
      0.8703703703703703,
      0.8580246913580247,
      0.8765432098765432,
      0.8765432098765432,
      0.8765432098765432,
      0.8765432098765432
    ],
    "other": [
      0.0,
      0.0,
      0.0,
      0.0,
      0.0,
      0.0,
      0.0,
      0.0,
      0.0,
      0.0
    ]
  },
  "val_accuracy": [
    0.9236514522821577,
    0.8033195020746888,
    0.8838174273858921,
    0.9427385892116182,
    0.9369294605809129,
    0.9585062240663901,
    0.9601659751037345,
    0.9601659751037345,
    0.9601659751037345,
    0.9601659751037345
  ],
  "val_loss": [
    0.17689174784664297,
    0.4307972068794041,
    0.33919784137631354,
    0.2746019204931635,
    0.2866861942954578,
    0.19337355866100778,
    0.2000567326994605,
    0.19303488917185063,
    0.19167194185600736,
    0.19064563513111277
  ],
  "error_type_accuracy": {
    "too_risky": [
      0.9760306807286673,
      0.8533077660594439,
      0.9185043144774688,
      0.9635666347075743,
      0.947267497603068,
      0.9741131351869607,
      0.9731543624161074,
      0.9731543624161074,
      0.9731543624161074,
      0.9731543624161074
    ],
    "too_risk_averse": [
      0.5864197530864198,
      0.48148148148148145,
      0.6604938271604939,
      0.808641975308642,
      0.8703703703703703,
      0.8580246913580247,
      0.8765432098765432,
      0.8765432098765432,
      0.8765432098765432,
      0.8765432098765432
    ],
    "other": [
      0.0,
      0.0,
      0.0,
      0.0,
      0.0,
      0.0,
      0.0,
      0.0,
      0.0,
      0.0
    ]
  }
}