{
  "train_loss": [
    0.7300080418586731,
    0.6361433068911234,
    0.46000971347610986,
    0.31415979300315183,
    0.36021596572051445,
    0.36197083983715855,
    0.3161777986543408,
    0.24090043987768392,
    0.2162355245973736,
    0.21025614666044323
  ],
  "in_dist_val_accuracy": [
    0.3,
    0.6,
    0.7,
    0.6,
    0.5,
    0.4,
    0.5,
    0.4,
    0.4,
    0.4
  ],
  "out_dist_val_accuracy": [
    0.2892768079800499,
    0.314214463840399,
    0.3491271820448878,
    0.341645885286783,
    0.314214463840399,
    0.341645885286783,
    0.3690773067331671,
    0.35910224438902744,
    0.3640897755610973,
    0.3566084788029925
  ],
  "epochs": [
    1,
    2,
    3,
    4,
    5,
    6,
    7,
    8,
    9,
    10
  ]
}